geoid	street	city	county	zipcode	walkscore
27061480600	Feeley 6	Warba	Itasca	55793	0
27061480700	Unnamed Road	Grand Rapids	Itasca	55744	0
27061480801	Bears Way	Grand Rapids	Itasca	55744	0
27061480802	SE 5th Ave	Grand Rapids	Itasca	55744	21
27061480900	Mesabi Trail	Grand Rapids	Itasca	55744	0
27061481000	Mesabi Trail	Pengilly	Itasca	55775	0
27061940000	Forest Rd 2382	Squaw Lake	Itasca	56681	0
27063480100	530th Ave	Jackson	Jackson	56143	0
27063480200	840th St	Okabena	Jackson	56161	0
27063480300	Co Hwy 68	Lakefield	Jackson	56150	3
27063480400	6th St	Jackson	Jackson	56143	50
27065480100	Nightengale St	Mora	Kanabec	55051	0
27065480200	County Rd 6	Ogilvie	Kanabec	56358	0
27065480300	Sunset Ln	Mora	Kanabec	55051	10
27065480400	150th Ave	Mora	Kanabec	55051	0
27067770900	5th St SW	Willmar	Kandiyohi	56201	58
27067780100	180th Ave NE	New London	Kandiyohi	56273	0
27067780200	193rd Ave NW	Pennock	Kandiyohi	56279	0
27067780300	164th Ave NE	New London	Kandiyohi	56273	3
27067780400	45th Ave NE	Kandiyohi	Kandiyohi	56251	1
27067780500	Co Hwy 24	Willmar	Kandiyohi	56201	0
27067780600	19th Ave NW	Pennock	Kandiyohi	56279	0
27067780700	Willmar Ave SW	Willmar	Kandiyohi	56201	1
27067780800	MN-23 BUS	Willmar	Kandiyohi	56201	76
27067781000	Olena Ave SE	Willmar	Kandiyohi	56201	14
27067781100	134th Ave SE	Lake Lillian	Kandiyohi	56253	0
27067781200	150th Ave SW	Raymond	Kandiyohi	56282	0
27069090100	Unnamed Road	Lake Bronson	Kittson	56734	0
27069090200	Unnamed Road	Hallock	Kittson	56728	0
27071790100	2nd Ave E	International Falls	Koochiching	56649	18
27071790200	Co Rd 2 N	International Falls	Koochiching	56649	1
27071790300	Old Galvin Ln	Littlefork	Koochiching	56653	0
27071790500	County Rd 30	Margie	Koochiching	56658	0
27073180100	261st Ave	Madison	Lac Qui Parle	56256	0
27073180200	Unnamed Road	Madison	Lac Qui Parle	56256	3
27073180300	351st Ave	Dawson	Lac Qui Parle	56232	0
27075370100	Mitawan Lk Rd	Isabella	Lake	55607	0
27075370300	Superior Hiking Trail	Silver Bay	Lake	55614	0
27075370400	5th St	Two Harbors	Lake	55616	26
27075990100	MN-61	Two Harbors	Lake	55616	0
27077460300	Unnamed Road	Baudette	Lake of the Woods	56623	2
27077460400	County Rd 58	Williams	Lake of the Woods	56686	0
27079950100	Township Rd 27	Le Center	Le Sueur	56057	0
27079950200	Coventry Rd	Le Sueur	Le Sueur	56058	0
27079950300	T-87	Montgomery	Le Sueur	56069	0
27079950400	Tetonka Lake Ln	Waterville	Le Sueur	56096	0
27079950500	231st Ln	Le Center	Le Sueur	56057	1
27079950600	Township Rd 111	St Peter	Le Sueur	56082	0
27081201001	US-75	Ivanhoe	Lincoln	56142	0
27081201002	W Oakwood Dr	Lake Benton	Lincoln	56149	9
27083360100	Co Rd 24	Minneota	Lyon	56264	0
27083360200	230th Ave	Marshall	Lyon	56258	0
27083360300	E College Dr	Marshall	Lyon	56258	2
27083360400	Susan Dr	Marshall	Lyon	56258	12
27083360500	290th St	Marshall	Lyon	56258	1
27083360600	230th Ave	Balaton	Lyon	56115	0
27083360700	Otis Ct	Tracy	Lyon	56175	10
27085950100	Flower Rd	Silver Lake	McLeod	55381	0
27085950200	Unnamed Road	Hutchinson	McLeod	55350	0
27085950300	Adams St	Hutchinson	McLeod	55350	0
27085950400	MN-7	Hutchinson	McLeod	55350	29
27085950500	US-212	Brownton	McLeod	55312	0
27085950600	130th St	Glencoe	McLeod	55336	0
27085950700	Newton Ave N	Glencoe	McLeod	55336	40
27087940100	T56	Mahnomen	Mahnomen	56557	0
27087940300	MN-200	Mahnomen	Mahnomen	56557	0
27089080100	Refuge Rd	Middle River	Marshall	56737	0
27089080200	180th Ave NW	Newfolden	Marshall	56738	0
27089080300	Unnamed Road	Stephen	Marshall	56757	0
27089080400	US-75	Warren	Marshall	56762	0
27091790100	150th Ave	Truman	Martin	56088	0
27091790200	Co Hwy 33	Fairmont	Martin	56031	0
27091790300	150th Ave	Fairmont	Martin	56031	0
27091790400	50th St	Ceylon	Martin	56121	0
27091790500	Summit Dr	Fairmont	Martin	56031	0
27091790600	E 10th St	Fairmont	Martin	56031	13
27093560100	273rd St	Dassel	Meeker	55325	0
27093560200	County Rd 11	Darwin	Meeker	55324	0
27093560300	Precision Dr	Litchfield	Meeker	55355	48
27093560400	US-12	Litchfield	Meeker	55355	13
27093560500	250th St	Litchfield	Meeker	55355	0
27093560600	Unnamed Road	Grove City	Meeker	56243	0
27095170400	80th Ave	Milaca	Mille Lacs	56353	0
27095170500	140th Ave	Milaca	Mille Lacs	56353	0
27095170600	115th Ave	Princeton	Mille Lacs	55371	0
27095170700	82nd Ave	Princeton	Mille Lacs	55371	5
27095970100	MN-47	Isle	Mille Lacs	56342	0
27095970200	County Rd 26	Onamia	Mille Lacs	56359	2
27095970300	Game Refuge Rd	Onamia	Mille Lacs	56359	0
27097780100	Island View Dr	Cushing	Morrison	56443	0
27097780200	E Minnesota Ave	Randall	Morrison	56475	4
27097780300	Co Hwy 43	Little Falls	Morrison	56345	0
27097780400	340th Ave	Hillman	Morrison	56338	0
27097780500	Unnamed Road	Pierz	Morrison	56364	0
27097780600	Colleen's Way	Little Falls	Morrison	56345	26
27097780700	Crystal Ln	Little Falls	Morrison	56345	20
27097780800	Co Hwy 225	Bowlus	Morrison	56314	0
27099000100	21st Ave NW	Austin	Mower	55912	2
27099000200	18th St NW	Austin	Mower	55912	30
27099000300	8th Ave NW	Austin	Mower	55912	51
27099000410	7th Ave SE	Austin	Mower	55912	34
27099000600	4th Ave SE	Austin	Mower	55912	22
27099000800	9th Ave SW	Austin	Mower	55912	44
27099000900	County Hwy 21	Austin	Mower	55912	0
27099001000	MN-56	Austin	Mower	55912	0
27099001200	600th Ave	Brownsdale	Mower	55918	0
27099001300	650 Ave	Adams	Mower	55909	0
27099001400	2nd Ave NE	Grand Meadow	Mower	55936	40
27101900100	Co Hwy 48	Slayton	Murray	56172	1
27101900200	Co Hwy 4	Slayton	Murray	56172	3
27101900300	240th Ave	Avoca	Murray	56114	0
27103480100	Fort Rd	New Ulm	Nicollet	56073	0
27103480200	Old Fort Rd	St Peter	Nicollet	56082	2
27103480300	Upper Johnson Cir	St Peter	Nicollet	56082	21
27103480400	MN-333	St Peter	Nicollet	56082	3
27103480501	Lookout Dr	North Mankato	Nicollet	56003	25
27103480502	Township Rd 122	North Mankato	Nicollet	56003	11
27103480600	Harrison Ave	North Mankato	Nicollet	56003	37
27105105100	Paul Ave	Worthington	Nobles	56187	0
27105105200	190th St	Adrian	Nobles	56110	0
27105105300	Co Rd 6	Rushmore	Nobles	56168	0
27105105400		Worthington	Nobles	56187	0
27105105500	270th St	Worthington	Nobles	56187	0
27105105600	Hillcrest Ave	Worthington	Nobles	56187	7
27107960100	210th Ave	Gary	Norman	56545	0
27107960200	County Rd 19	Halstad	Norman	56548	0
27107960300	County Rd 177	Ada	Norman	56510	0
27109000100	S Broadway	Rochester	Olmsted	55904	95
27109000200	Graham Ct SE	Rochester	Olmsted	55904	30
27109000300	5th Ave SE	Rochester	Olmsted	55904	68
27109000400	8th St SW	Rochester	Olmsted	55902	51
27109000500	11th Ave NW	Rochester	Olmsted	55901	84
27109000600	14th St NW	Rochester	Olmsted	55901	60
27109000901	20th St SE	Rochester	Olmsted	55904	1
27109000902	Peterson Ln SE	Rochester	Olmsted	55904	0
27109000903	Highland Ridge Ln SE	Rochester	Olmsted	55904	11
27109001000	19th St SE	Rochester	Olmsted	55904	22
27109001100	20th St SW	Rochester	Olmsted	55902	23
27109001201	Fox Valley Pl	Rochester	Olmsted	55902	15
27109001202	Wicklow Ln SW	Rochester	Olmsted	55902	1
27109001203	Meadow Crossing Rd SW	Rochester	Olmsted	55902	1
27109001301	Lakeridge Pl NW	Rochester	Olmsted	55901	16
27109001302	Manor Brook Dr NW	Rochester	Olmsted	55901	1
27109001401	25th St NW	Rochester	Olmsted	55901	17
27109001402	Lehman Ln NW	Rochester	Olmsted	55901	8
27109001501	31st St NW	Rochester	Olmsted	55901	31
27109001502	12th Ave NW	Rochester	Olmsted	55901	27
27109001503	Zumbro Dr NW	Rochester	Olmsted	55901	21
27109001601	5th Ave NE	Rochester	Olmsted	55906	23
27109001602	Rocky Creek Dr NE	Rochester	Olmsted	55906	14
27109001603	Hadley Valley Rd NE	Rochester	Olmsted	55906	0
27109001701	21 1/2 Ave NW	Rochester	Olmsted	55901	37
27109001702	Essex Pkwy NW	Rochester	Olmsted	55901	19
27109001703	Chippewa Dr NW	Rochester	Olmsted	55901	0
27109001800	3rd Ave NW	Byron	Olmsted	55920	16
27109001900	90th St NW	Oronoco	Olmsted	55960	0
27109002000	140th Ave SE	Dover	Olmsted	55929	0
27109002100	2nd St SW	Stewartville	Olmsted	55976	36
27109002200	65th St SW	Rochester	Olmsted	55902	0
27109002300	Silver Creek Rd NE	Rochester	Olmsted	55906	0
27111960102	Co Hwy 146	Perham	Otter Tail	56573	0
27111960103	245th Ave	Pelican Rapids	Otter Tail	56572	0
27111960300	Co Hwy 113	Pelican Rapids	Otter Tail	56572	0
27111960400	Paul M Osborn Rd	Dent	Otter Tail	56528	0
27111960500	Minnesota St	New York Mills	Otter Tail	56567	0
27111960600	Co Hwy 14	New York Mills	Otter Tail	56567	0
27111960700	Co Hwy 67	Dent	Otter Tail	56528	0
27111960800	Co Hwy 27	Fergus Falls	Otter Tail	56537	0
27111960900	College Way	Fergus Falls	Otter Tail	56537	24
27111961000	US-59	Fergus Falls	Otter Tail	56537	2
27111961100	Minnehuta Dr	Fergus Falls	Otter Tail	56537	0
27111961200	250th St	Underwood	Otter Tail	56586	0
27111961300	530th Ave	Henning	Otter Tail	56551	0
27111961400	Co Hwy 55	Ottertail	Otter Tail	56571	0
27111961500	535th Ave	Parkers Prairie	Otter Tail	56361	0
27111961600	160th St	Battle Lake	Otter Tail	56515	0
27111961700	170th St	Fergus Falls	Otter Tail	56537	0
27113090100	Co Rd 91	Goodridge	Pennington	56725	0
27113090200	142nd Ave NE	Thief River Falls	Pennington	56701	1
27113090300	Co Rd 70	Thief River Falls	Pennington	56701	0
27113090400	Brooks Ave	Thief River Falls	Pennington	56701	4
27113090500	Shawn St	Thief River Falls	Pennington	56701	7
27115950100	Co Rd 154	Bruno	Pine	55712	0
27115950200	Horton Dr	Willow River	Pine	55795	0
27115950300	Low Landing Rd	Askov	Pine	55704	0
27115950400	Chalet Valley Ln	Hinckley	Pine	55037	0
27115950500	T-119	Hinckley	Pine	55037	0
27115950600	Parkview Dr	Pine City	Pine	55063	0
27115950700	16th Ave NE	Pine City	Pine	55063	1
27115950800	Mystic Dove Dr	Grasston	Pine	55030	3
27117460100	County Rd 81	Pipestone	Pipestone	56164	0
27117460200	10th Ave SE	Pipestone	Pipestone	56164	39
27117460300	5th St SW	Pipestone	Pipestone	56164	30
27117460400	61st St	Pipestone	Pipestone	56164	0
27117460500	61st St	Edgerton	Pipestone	56128	0
27119020100	MN-220	East Grand Forks	Polk	56721	24
27119020200	US-2 Business	East Grand Forks	Polk	56721	4
27119020300	14th Ave SE	East Grand Forks	Polk	56721	0
27119020400	Co Hwy 21	Euclid	Polk	56722	0
27119020500	Unnamed Road	Crookston	Polk	56716	0
27119020600	Radisson Rd	Crookston	Polk	56716	51
27119020700	Fairfax Ave	Crookston	Polk	56716	7
27119020800	Unnamed Road	Fertile	Polk	56540	0
27119020900	Co Hwy 34	Erskine	Polk	56535	0
27119021000	Unnamed Road	Fosston	Polk	56542	0
27121970100	Township Rd T-270	Glenwood	Pope	56334	0
27121970200	Co Rd 83	Lowry	Pope	56349	0
27121970300	Co Hwy 14	Starbuck	Pope	56381	0
27121970400	Minneswaka House Rd	Long Beach	Pope	56334	7
27123030100	Carter Ave	St Paul	Ramsey	55108	76
27123030201	Albert St N	St Paul	Ramsey	55108	47
27123030202	Como Ave	St Paul	Ramsey	55108	33
27123030300	Avon St N	St Paul	Ramsey	55117	21
27123030400	Western Ave N	St Paul	Ramsey	55117	34
27123030500	Trout Brook Cir	St Paul	Ramsey	55117	29
27123030601	Arlington Ave E	St Paul	Ramsey	55130	36
27123030602	Phalen Dr	St Paul	Ramsey	55106	9
27123030702	Arlington Ave E	St Paul	Ramsey	55119	25
27123030703	Hoyt Ave E	St Paul	Ramsey	55106	50
27123030704	Hazelwood St	St Paul	Ramsey	55106	57
27123030800	Western Ave N	St Paul	Ramsey	55117	55
27123030900	Desoto St	St Paul	Ramsey	55130	61
27123031000	Greenbrier St	St Paul	Ramsey	55106	81
27123031100	Maryland Ave E	St Paul	Ramsey	55106	71
27123031200	N Barrett St	St Paul	Ramsey	55103	42
27123031300	Topping St	St Paul	Ramsey	55117	57
27123031400	Jackson St	St Paul	Ramsey	55117	52
27123031500	Edgerton St	St Paul	Ramsey	55130	76
27123031600	Case Ave E	St Paul	Ramsey	55106	57
27123031701	Ross Ave	St Paul	Ramsey	55106	52
27123031702	Case Ave E	St Paul	Ramsey	55106	36
27123031801	Sims Ave E	St Paul	Ramsey	55106	44
27123031802	Case Ave E	St Paul	Ramsey	55119	24
27123031900	Vandalia St	St Paul	Ramsey	55114	39
27123032000	W Minnehaha Ave	St Paul	Ramsey	55104	75
27123032100	Snelling Ave N	St Paul	Ramsey	55104	85
27123032200	Van Buren Ave	St Paul	Ramsey	55104	77
27123032300	N Griggs St	St Paul	Ramsey	55104	56
27123032400	W Minnehaha Ave	St Paul	Ramsey	55104	58
27123032500	N Victoria St	St Paul	Ramsey	55104	72
27123032600	N Mackubin St	St Paul	Ramsey	55103	69
27123032700	Elfelt St	St Paul	Ramsey	55103	80
27123033000	Lafayette Rd	St Paul	Ramsey	55130	65
27123033100	Greenbrier St	St Paul	Ramsey	55106	74
27123033200	Wabash Ave	St Paul	Ramsey	55114	52
27123033300	N Moore St	St Paul	Ramsey	55104	59
27123033400	Concordia Ave	St Paul	Ramsey	55104	81
27123033500	W Central Ave	St Paul	Ramsey	55104	74
27123033600	W Central Ave	St Paul	Ramsey	55103	80
27123033700	N Marion St	St Paul	Ramsey	55103	78
27123033800	Marshall Ave	St Paul	Ramsey	55104	63
27123033900	Marshall Ave	St Paul	Ramsey	55104	77
27123034000	Marshall Ave	St Paul	Ramsey	55102	81
27123034201	Minnesota St	St Paul	Ramsey	55101	94
27123034202	E 9th St	St Paul	Ramsey	55101	95
27123034400	Mounds Blvd	St Paul	Ramsey	55106	27
27123034500	Euclid St	St Paul	Ramsey	55106	55
27123034601	Hudson Rd	St Paul	Ramsey	55106	58
27123034602	3rd St E	St Paul	Ramsey	55106	32
27123034701	White Bear Ave	St Paul	Ramsey	55106	51
27123034702	3rd St E	St Paul	Ramsey	55119	42
27123034900	County Hwy 46	St Paul	Ramsey	55105	70
27123035000	Ashland Ave	St Paul	Ramsey	55104	74
27123035100	S Wheeler St	St Paul	Ramsey	55105	81
27123035200	Pascal St S	St Paul	Ramsey	55105	78
27123035300	S Griggs St	St Paul	Ramsey	55105	76
27123035500	Mackubin St	St Paul	Ramsey	55102	78
27123035700	Fairmount Ave	St Paul	Ramsey	55105	76
27123035800	Summit Ave	St Paul	Ramsey	55102	73
27123035900	Grand Ave	St Paul	Ramsey	55102	75
27123036000	Randolph Ave	St Paul	Ramsey	55102	10
27123036100	Bayfield St	St Paul	Ramsey	55107	3
27123036300	Randolph Ave	St Paul	Ramsey	55105	46
27123036400	S Davern St	St Paul	Ramsey	55105	61
27123036500	Randolph Ave	St Paul	Ramsey	55105	77
27123036600	Griggs St S	St Paul	Ramsey	55116	56
27123036700	7th St W	St Paul	Ramsey	55102	56
27123036800	W James Ave	St Paul	Ramsey	55102	74
27123036900	7th St W	St Paul	Ramsey	55102	68
27123037000	Chippewa Ave	St Paul	Ramsey	55107	17
27123037100	Isabel St W	St Paul	Ramsey	55107	46
27123037200	Sidney St E	St Paul	Ramsey	55107	51
27123037402	Battle Creek Pl	St Paul	Ramsey	55119	39
27123037403	Totem Rd	St Paul	Ramsey	55119	9
27123037500	Montreal Ave	St Paul	Ramsey	55116	34
27123037601	Mississippi River Blvd S	St Paul	Ramsey	55116	36
27123037602	Crosby Farm Trail	St Paul	Ramsey	55116	13
27123040100	Birch Rd	White Bear Lake	Ramsey	55110	8
27123040200	Park Ave S	White Bear Lake	Ramsey	55110	11
27123040301	Gardenette Dr N	White Bear Lake	Ramsey	55110	18
27123040302	Randy Ave	White Bear Lake	Ramsey	55110	20
27123040401	Van Dyke St	White Bear Lake	Ramsey	55110	32
27123040402	Buckbee Rd	White Bear Lake	Ramsey	55110	11
27123040502	Division Ave	White Bear Lake	Ramsey	55110	29
27123040503	Preserve Pl	White Bear Lake	Ramsey	55110	2
27123040504	Birch Lake Blvd N	St Paul	Ramsey	55110	18
27123040601	Island Rd	North Oaks	Ramsey	55127	0
27123040603	Springhill Rd	Vadnais Heights	Ramsey	55127	1
27123040604	Searle Ct	Vadnais Heights	Ramsey	55127	15
27123040703	Reiland Ln	Shoreview	Ramsey	55126	0
27123040704	Cardigan Rd	Shoreview	Ramsey	55126	9
27123040705	Lois Dr	Shoreview	Ramsey	55126	3
27123040706	Sherwood Rd	Shoreview	Ramsey	55126	5
27123040707	E Lake Beach Ct	St Paul	Ramsey	55126	8
27123040801	Federal Rd	Arden Hills	Ramsey	55126	0
27123040802	Disc Golf Hole 2	Arden Hills	Ramsey	55112	11
27123040803	Lake Johanna Blvd	Arden Hills	Ramsey	55112	10
27123040901	Sherwood Rd	Mounds View	Ramsey	55112	12
27123040902	County Rd H2	Mounds View	Ramsey	55112	50
27123041001	Sherwood Rd	Mounds View	Ramsey	55112	19
27123041002	Longview Dr	Mounds View	Ramsey	55112	13
27123041103	Silver Ln NE	Minneapolis	Ramsey	55421	52
27123041104	17th St NW	New Brighton	Ramsey	55112	32
27123041105	14th Ave NW	New Brighton	Ramsey	55112	11
27123041106	Silver Lake Rd NW	St Paul	Ramsey	55112	31
27123041107	Piper Dr	New Brighton	Ramsey	55112	22
27123041200	5th St NW	St Paul	Ramsey	55112	44
27123041301	Cleveland Ave N	Roseville	Ramsey	55113	20
27123041302	Centre Pointe Dr	St Paul	Ramsey	55113	26
27123041400	Sheldon St	Roseville	Ramsey	55113	51
27123041500	Iona Ln	Roseville	Ramsey	55113	7
27123041601	Virginia Ave	Roseville	Ramsey	55113	25
27123041602	Giesmann St	Roseville	Ramsey	55113	19
27123041700	Shryer Ave W	Roseville	Ramsey	55113	33
27123041800	Shryer Ave W	Roseville	Ramsey	55113	61
27123041900	Fry St	Falcon Heights	Ramsey	55113	29
27123042001	Tatum St	Falcon Heights	Ramsey	55108	42
27123042002	Eustis St	Lauderdale	Ramsey	55113	25
27123042101	Jackson St	Little Canada	Ramsey	55117	29
27123042102	Keller Pkwy	Little Canada	Ramsey	55117	4
27123042201	N Beaumont St	St Paul	Ramsey	55117	27
27123042202	Payne Ave	St Paul	Ramsey	55117	7
27123042301	US-61	Maplewood	Ramsey	55109	14
27123042302	Gateway State Trail	Maplewood	Ramsey	55109	4
27123042401	Beam Ave	Maplewood	Ramsey	55109	51
27123042402	Southwind Ln	St Paul	Ramsey	55109	21
27123042501	Minnehaha Ave E	St Paul	Ramsey	55119	16
27123042503	Southcrest Ave E	Maplewood	Ramsey	55119	1
27123042504	Upper Afton Rd	Maplewood	Ramsey	55119	2
27123042601	16th Ave E	North St Paul	Ramsey	55109	37
27123042602	15th Ave E	North St Paul	Ramsey	55109	44
27123042700	Eldridge Ave E	North St Paul	Ramsey	55109	46
27123042800	Sherburne Ave	St Paul	Ramsey	55104	74
27123042900	Portland Ave	St Paul	Ramsey	55104	83
27123043000	Mississippi River Blvd S	St Paul	Ramsey	55105	30
27123980000	Red Rock Rd	St Paul	Ramsey	55119	4
27125010100	Co Hwy 21	Brooks	Red Lake	56715	0
27125010200	Co Hwy 4	Red Lake Falls	Red Lake	56750	0
27127750100	MN-68	Morgan	Redwood	56266	0
27127750200	Unnamed Road	Redwood Falls	Redwood	56283	0
27127750300	Laser Ave	Redwood Falls	Redwood	56283	0
27127750400	Impala Ave	Wabasso	Redwood	56293	0
27127750500	230th St	Lucan	Redwood	56255	0
27127750600	130th St	Lamberton	Redwood	56152	0
27129790100	840th Ave	Buffalo Lake	Renville	55314	0
27129790200	400th St	Bird Island	Renville	55310	0
27129790300	200th St	Renville	Renville	56284	0
27129790400	300th St	Redwood Falls	Renville	56283	0
27129790500	Co Hwy 13	Olivia	Renville	56277	0
27129790600	Co Rd 2	Fairfax	Renville	55332	0
27131070100	Glencoe Ave	Webster	Rice	55088	0
27131070200	Bachrach Ave	Dundas	Rice	55019	0
27131070300	240th St W	Morristown	Rice	55052	0
27131070400	Eaton Ave	Faribault	Rice	55021	0
27131070501	Evans Dr	Northfield	Rice	55057	31
27131070503	Jefferson Pkwy	Northfield	Rice	55057	4
27131070504	Grant Dr	Northfield	Rice	55057	12
27131070601	Greenvale Ave W	Northfield	Rice	55057	28
27131070602	Dundas Blvd	Northfield	Rice	55057	0
27131070700	Maple Ln	Faribault	Rice	55021	2
27131070800	City of Faribault Trail	Faribault	Rice	55021	9
27131070901	Bethel Ct	Faribault	Rice	55021	22
27131070902	2nd St SW	Faribault	Rice	55021	26
27133570100	Co Hwy 11	Luverne	Rock	56156	0
27133570200	Co Hwy 5	Luverne	Rock	56156	9
27133570300	US-75	Luverne	Rock	56156	0
27135970100	Co Rd 13	Salol	Roseau	56756	0
27135970200	230th Ave	Badger	Roseau	56714	0
27135970300	4th St NE	Roseau	Roseau	56751	37
27135970400	Unnamed Road	Warroad	Roseau	56763	0
27135970500	Co Rd 25	Greenbush	Roseau	56726	0
27137000100	Frederick St	Duluth	St Louis	55803	0
27137000200	Montauk Ln	Duluth	St Louis	55804	0
27137000300	W Arrowhead Rd	Duluth	St Louis	55811	3
27137000400	Norton Rd	Duluth	St Louis	55803	0
27137000500	Woodland Ave	Duluth	St Louis	55803	11
27137000600	Gladstone St	Duluth	St Louis	55804	44
27137000700	Greysolon Rd	Duluth	St Louis	55804	9
27137000900	N 9th Ave E	Duluth	St Louis	55805	16
27137001000	Woodland Ave	Duluth	St Louis	55812	49
27137001100	Water St	Duluth	St Louis	55812	27
27137001200	N 9th Ave E	Duluth	St Louis	55805	62
27137001300	N 13th Ave E	Duluth	St Louis	55805	56
27137001400	The Lakewalk	Duluth	St Louis	55812	25
27137001600	E 5th St	Duluth	St Louis	55805	69
27137001700	I-35	Duluth	St Louis	55802	74
27137001800	W Skyline Pkwy	Duluth	St Louis	55806	32
27137001900	Harbor Dr	Duluth	St Louis	55802	50
27137002000	N 13th Ave W	Duluth	St Louis	55806	22
27137002200	Minnesota Ave	Duluth	St Louis	55802	0
27137002300	Robert Ct	Duluth	St Louis	55811	10
27137002400	N 22nd Ave W	Duluth	St Louis	55806	20
27137002600	Batavia St	Duluth	St Louis	55806	8
27137002900	Pecan Ln	Duluth	St Louis	55810	3
27137003000	Olney St	Duluth	St Louis	55807	8
27137003300	S 69th Ave W	Duluth	St Louis	55807	20
27137003400	Western Waterfront Trail	Duluth	St Louis	55807	13
27137003600	Bardon Peak Blvd	Duluth	St Louis	55808	0
27137003700	92nd Ave W	Duluth	St Louis	55808	17
27137003800	County Hwy 3	Duluth	St Louis	55808	1
27137010100	2nd St	Proctor	St Louis	55810	36
27137010200	Maple Hill Rd	Duluth	St Louis	55810	0
27137010300	Maple Grove Rd	Hermantown	St Louis	55811	0
27137010400					0
27137010500	Paul Rd	Duluth	St Louis	55804	0
27137010600	Timberlake Trail	Duluth	St Louis	55803	0
27137011100	Township Rd 5623	Saginaw	St Louis	55779	0
27137011200	Hwy 8		St Louis		0
27137011300	W Toivola Rd	Meadowlands	St Louis	55765	0
27137011400	Unnamed Road	Makinen	St Louis	55763	0
27137012100	5th Ave W	Hibbing	St Louis	55746	6
27137012200	E 3rd St	Hibbing	St Louis	55746	0
27137012300	E 21st St	Hibbing	St Louis	55746	58
27137012400	E 25th St	Hibbing	St Louis	55746	9
27137012500	2nd Ave W	Hibbing	St Louis	55746	34
27137012600	1st St SW	Chisholm	St Louis	55719	64
27137012700	Co Hwy 25	Kinney	St Louis	55758	0
27137012800	Slate St	Mountain Iron	St Louis	55768	4
27137013000	N 11th Ave	Virginia	St Louis	55792	19
27137013100	6th St S	Virginia	St Louis	55792	71
27137013200	Chestnut St E	Virginia	St Louis	55792	3
27137013300	Shackleton Ct	Eveleth	St Louis	55734	1
27137013400	Peary Rd	Eveleth	St Louis	55734	0
27137013500	Old Mine Rd	Gilbert	St Louis	55741	1
27137013600	Balsam Ln	Gilbert	St Louis	55741	0
27137013800	W 4th Ave N	Aurora	St Louis	55705	31
27137013900	Unnamed Road	Embarrass	St Louis	55732	0
27137014000	Unnamed Road	Hoyt Lakes	St Louis	55750	0
27137014100	Unnamed Road	Babbitt	St Louis	55706	0
27137015100	Forest Rte 274	Angora	St Louis	55703	0
27137015200	Forest Rte 259		St Louis		0
27137015300	Miners Dr E	Ely	St Louis	55731	47
27137015400	Maple Grove Rd	Duluth	St Louis	55811	0
27137015500	Unnamed Road	Orr	St Louis	55771	0
27137015600	US-53	Duluth	St Louis	55802	13
27137015700	Ordean Ct	Duluth	St Louis	55812	51
27137015800	Grassy Point Trail	Duluth	St Louis	55807	1
27137990100	County Hwy 61	Duluth	St Louis	55804	0
27139080100	MN-13	Savage	Scott	55378	42
27139080201	Rhode Island Ave S	Savage	Scott	55378	17
27139080202	W 136th St	Savage	Scott	55378	13
27139080203	Princeton Cir	Savage	Scott	55378	2
27139080204	154th St	Savage	Scott	55378	0
27139080205	Hillside Trail	Savage	Scott	55378	4
27139080301	Broadband Blvd	Shakopee	Scott	55379	7
27139080302	Wood Duck Trail	Shakopee	Scott	55379	0
27139080400	5th Ave E	Shakopee	Scott	55379	59
27139080500	4th Ave W	Shakopee	Scott	55379	20
27139080600	Vierling Dr W	Shakopee	Scott	55379	14
27139080700	Old Brick Yard Rd	Shakopee	Scott	55379	4
27139080800	Country Trail W	Jordan	Scott	55352	0
27139080903	Howard Lake Rd	Prior Lake	Scott	55379	2
27139080904	Woodview Ct SE	Prior Lake	Scott	55372	37
27139080905	Meadow Lawn Trail NE	Prior Lake	Scott	55372	0
27139080906	Fish Point Rd	Prior Lake	Scott	55372	10
27139081000	203rd St E	Prior Lake	Scott	55372	0
27139081100	Britney Ln	Elko New Market	Scott	55020	0
27139081200	Indian Ave	New Prague	Scott	56071	0
27139081300	Laredo Ave	Belle Plaine	Scott	56011	1
27141030101	US-169	Zimmerman	Sherburne	55398	0
27141030102	300th Ave	Princeton	Sherburne	55371	0
27141030200	Co Hwy 5	Becker	Sherburne	55308	0
27141030300	Co Hwy 20	St Cloud	Sherburne	56304	0
27141030402	193rd Ave	Big Lake	Sherburne	55309	0
27141030403	181st St	Big Lake	Sherburne	55309	0
27141030404	107th St	Becker	Sherburne	55308	0
27141030502	Tyler St NW	Elk River	Sherburne	55330	1
27141030503	Meadowvale Rd NW	Elk River	Sherburne	55330	3
27141030504	207th Ave NW	Elk River	Sherburne	55330	0
27141031500	32nd St SE	St Cloud	Sherburne	56304	0
27143170198	MN-5	Green Isle	Sibley	55338	0
27143170200	262nd St	Gibbon	Sibley	55335	0
27143170300	Co Hwy 67	Gaylord	Sibley	55334	3
27143170400	Co Rd 62	Henderson	Sibley	56044	0
27145000301	13th Ave S	St Cloud	Stearns	56301	47
27145000302	Aldon Dr	St Cloud	Stearns	56301	19
27145000401	30th St S	St Cloud	Stearns	56301	0
27145000402	Yuma Trail	St Cloud	Stearns	56301	16
27145000500	Co Rd 137	Waite Park	Stearns	56387	2
27145000601	27th Ave N	St Cloud	Stearns	56303	77
27145000602	Cooper Ave N	St Cloud	Stearns	56303	50
27145000701	37th Ave N	St Cloud	Stearns	56303	37
27145000801	10th Ave N	St Cloud	Stearns	56303	48
27145000901	W Whitney Park	St Cloud	Stearns	56303	19
27145001001	Pleasant Ln	St Cloud	Stearns	56303	15
27145010101	17th St N	Sartell	Stearns	56377	0
27145010102	4th Ave	Sartell	Stearns	56377	8
27145010200	95th Ave	St Joseph	Stearns	56374	0
27145010401	Angelfish Ave	Avon	Stearns	56310	0
27145010402	Co Hwy 41	Albany	Stearns	56307	18
27145010403	Co Rd 10	Albany	Stearns	56307	0
27145010500	MN-237		Stearns		0
27145010600	423rd St	Melrose	Stearns	56352	0
27145010900	US-71	Belgrade	Stearns	56312	0
27145011000	Apple Tree Ln	Paynesville	Stearns	56362	0
27145011100	Unnamed Road	Richmond	Stearns	56368	0
27145011200	MN-15	Kimball	Stearns	55353	0
27145011301	295th St	St Joseph	Stearns	56374	0
27145011302	1st St N	Cold Spring	Stearns	56320	54
27145011304	Dairy Hill Rd	St Cloud	Stearns	56301	0
27145011400	Fable Rd	St Augusta	Stearns	56301	0
27145011500	Co Rd 188	Sauk Centre	Stearns	56378	0
27145011600	4th Ave S	St Cloud	Stearns	56301	70
27147960100	NE 54th Ave	Owatonna	Steele	55060	0
27147960200	County Hwy 19	Owatonna	Steele	55060	0
27147960300	County Hwy 34	Owatonna	Steele	55060	25
27147960400	Park Dr	Owatonna	Steele	55060	29
27147960500	SW 68th St	Owatonna	Steele	55060	0
27147960600	16th St SW	Owatonna	Steele	55060	29
27147960700	14th St SE	Owatonna	Steele	55060	11
27147960800	SE 138th St	Blooming Prairie	Steele	55917	0
27149480100	Co Hwy 9	Morris	Stevens	56267	0
27149480200	Co Hwy 5	Morris	Stevens	56267	0
27149480300	County Rd 8	Hancock	Stevens	56244	0
27151960100	30th St SE	Murdock	Swift	56271	0
27151960200	15th St S	Benson	Swift	56215	57
27151960300	45th Ave SW	Benson	Swift	56215	3
27151960400	190th Ave SW	Appleton	Swift	56208	0
27153790100	Co Rd 21	Staples	Todd	56479	2
27153790200	163rd Ave	Bertha	Todd	56437	0
27153790300	165th Ave	Clarissa	Todd	56440	0
27153790400	May Fly Rd	Browerville	Todd	56438	0
27153790500	210th St	Burtrum	Todd	56318	0
27153790600	Hope Ln	Long Prairie	Todd	56347	8
27153790700	163rd Ave	Osakis	Todd	56360	1
27153790800	281st Ave	Grey Eagle	Todd	56336	0
27155460100	Township Rd 94	Wheaton	Traverse	56296	0
27155460200	Co Rd 63	Dumont	Traverse	56236	0
27157490100	Coffee Mill Dr	Wabasha	Wabasha	55981	0
27157490200	MN-42	Kellogg	Wabasha	55945	0
27157490300	US-61	Lake City	Wabasha	55041	0
27157490400	640th St	Zumbro Falls	Wabasha	55991	0
27157490500	County Rd 11	Millville	Wabasha	55957	0
27157490600	1st Ave NW	Plainview	Wabasha	55964	56
27159480100	350th St	Menahga	Wadena	56464	0
27159480200	205th Ave	Verndale	Wadena	56481	0
27159480300	Co Rd 100	Wadena	Wadena	56482	0
27161790100	63rd St	Janesville	Waseca	56048	0
27161790200	County Rd 64	New Richland	Waseca	56072	0
27161790300	100th St	Waseca	Waseca	56093	0
27161790400	17th Ave NE	Waseca	Waseca	56093	27
27161790500	County Rd 4	Waseca	Waseca	56093	42
27163070103	County Hwy 2	Forest Lake	Washington	55025	24
27163070104	Bay Dr SE	Forest Lake	Washington	55025	13
27163070105	Imperial Ave N	Forest Lake	Washington	55025	0
27163070106	Granada Ave N	Forest Lake	Washington	55025	0
27163070203	Harrow Ave N	Hugo	Washington	55038	0
27163070204	132nd St N	St Paul	Washington	55110	0
27163070205	Newberry Ave N	Scandia	Washington	55073	0
27163070206	N Ostlund Trl	Stillwater	Washington	55082	0
27163070301	Apple Orchard Rd	Dellwood	Washington	55110	0
27163070303	Wedgewood Dr	St Paul	Washington	55115	11
27163070304	Hickory St	St Paul	Washington	55115	34
27163070403	Jeffrey Ave N	Stillwater	Washington	55082	3
27163070404	Stillwater Twp Trail	Stillwater		55082	0
27163070405	51ST St N	Lake Elmo	Washington	55042	0
27163070406	Lake Elmo Ave N	Lake Elmo	Washington	55042	4
27163070501	Newberry Ct N	Stillwater	Washington	55082	1
27163070502	2nd St N	Stillwater	Washington	55082	34
27163070601	Marine Cir	Stillwater	Washington	55082	6
27163070602	5th St S	Stillwater	Washington	55082	53
27163070701	Hillside Ct N	Stillwater	Washington	55082	0
27163070703	58th St N	Stillwater	Washington	55082	30
27163070704	Minnesota St S	Bayport	Washington	55003	24
27163070801	Pickett Ave N	Bayport	Washington	55003	6
27163070802	Perimeter Rd	Oak Park Heights	Washington	55082	2
27163070906	38th St Ct N	Oakdale	Washington	55128	10
27163070907	45th St N	Oakdale	Washington	55128	7
27163070909	21st St N	St Paul	Washington	55128	2
27163070910	Hale Ave N	Oakdale	Washington	55128	36
27163070911	Granite Ave N	Oakdale	Washington	55128	2
27163070912	13th St Cir	St Paul	Washington	55128	15
27163071001	Weir Dr	St Paul	Washington	55125	14
27163071003	High St	Newport	Washington	55055	30
27163071006	Woodduck Dr	Woodbury	Washington	55125	41
27163071010	Spring Hill Dr	Woodbury	Washington	55125	32
27163071011	Schooner Way	Woodbury	Washington	55125	11
27163071012	Chamberlain Rd	Woodbury	Washington	55125	1
27163071013	Courtly Rd	Woodbury	Washington	55125	11
27163071014	Sunbury Dr	Woodbury	Washington	55125	10
27163071015	Leyland Trail	Woodbury	Washington	55125	20
27163071016	Springwood Alcove	Woodbury	Washington	55125	5
27163071017	Ashley Ln	Woodbury	Washington	55129	2
27163071018	Dorchester Dr	Woodbury	Washington	55129	0
27163071101	7th St S	Lakeland	Washington	55043	30
27163071102	Odell Ave S	Hastings	Washington	55033	2
27163071206	Pine Crest Trail S	Cottage Grove	Washington	55016	5
27163071207	80th St S	Cottage Grove	Washington	55016	0
27163071208	85th St S	Cottage Grove	Washington	55016	20
27163071209	90th St S	Cottage Grove	Washington	55016	12
27163071300	3rd St	St Paul Park	Washington	55071	23
27163071400	Ideal Ave S	Cottage Grove	Washington	55016	3
27165950100	T77	St James	Watonwan	56081	0
27165950200	Swanson St N	St James	Watonwan	56081	69
27165950300	Co Hwy 27	St James	Watonwan	56081	0
27167950100	Co Rd 18	Rothsay	Wilkin	56579	0
27167950200	Minnesota Ave	Breckenridge	Wilkin	56520	30
27169670100	Maus Dr	Rollingstone	Winona	55969	0
27169670200	Bartlet Lake Rd	Winona	Winona	55987	1
27169670300	Ridgewood Dr	Winona	Winona	55987	0
27169670400	Riverview Dr	Winona	Winona	55987	3
27169670500	W 5th St	Winona	Winona	55987	78
27169670600	Garvin Heights Rd	Winona	Winona	55987	0
27169670700	Frontenac Dr	Winona	Winona	55987	19
27169670800	Ph Township 13	Dakota	Winona	55925	0
27169670900	Enterprise Valley Dr	Lewiston	Winona	55952	0
27169671000	Co Rd 117	St Charles	Winona	55972	0
27171100100	83rd St NE	Otsego	Wright	55330	0
27171100202	MN-25	Monticello	Wright	55362	0
27171100203	Co Rd 39 NE	Monticello	Wright	55362	0
27171100204	Oak Ridge Cir	Monticello	Wright	55362	4
27171100300	Endicott Dr NW	Clearwater	Wright	55320	0
27171100400	MN-24	Annandale	Wright	55302	0
27171100500	45th St NW	Annandale	Wright	55302	0
27171100701	Montrose Blvd	Buffalo	Wright	55313	8
27171100702	Roberts Rd	Buffalo	Wright	55313	0
27171100703	40th St NW	Buffalo	Wright	55313	0
27171100801	35th St NE	St Michael	Wright	55376	0
27171100802	44th Cir NE	St Michael	Wright	55376	4
27171100900	Eckert Ave SE	Buffalo	Wright	55313	0
27171101000	Calder Ave SE	Delano	Wright	55328	0
27171101100	Dempsey Ave SW	Waverly	Wright	55390	0
27171101200	Co Rd 6 SW	Howard Lake	Wright	55349	0
27171101300	60th St SW	Cokato	Wright	55321	8
27173970100	Co Rd B4	Granite Falls	Yellow Medicine	56241	0
27173970200	MN-68	Canby	Yellow Medicine	56220	0
27173970300	Co Hwy 3	Clarkfield	Yellow Medicine	56223	0
27173970400	Co Rd A6	Wood Lake	Yellow Medicine	56297	0
